<application>
  <component name="ExportableFileTemplateSettings">
    <code_templates>
      <template name="JavaScript Implemented Method Body.js" reformat="true" live-template-enabled="true" enabled="true" />
      <template name="JavaScript Overridden Method Body.js" reformat="true" live-template-enabled="true" enabled="true" />
      <template name="React Class Component.jsx" reformat="true" live-template-enabled="true" enabled="true" />
      <template name="React Functional Component.jsx" reformat="true" live-template-enabled="true" enabled="true" />
      <template name="Typed React Class Component.tsx" reformat="true" live-template-enabled="true" enabled="true" />
      <template name="Typed React Functional Component.tsx" reformat="true" live-template-enabled="true" enabled="true" />
      <template name="TypeScript Implemented Method Body.ts" reformat="true" live-template-enabled="true" enabled="true" />
    </code_templates>
  </component>
</application>