<application>
  <component name="MaterialThemeConfig">
    <option name="compactDropdowns" value="true" />
    <option name="isCompactMenus" value="true" />
    <option name="isCompactStatusBar" value="true" />
    <option name="isCompactTables" value="true" />
    <option name="isWizardShown" value="true" />
    <option name="overrideAccentColor" value="false" />
    <option name="tabsHeight" value="15" />
    <option name="accentColor" value="ff79c5" />
    <option name="selectedTheme" value="NIGHT_OWL" />
    <option name="userId" value="-fd41e38:16f071861de:-8000" />
    <option name="version" value="4.11.4" />
  </component>
</application>